{
    "rmse": 0.7463874258111112,
    "mae": 0.6233041977080646,
    "r2": 0.04149396808463024
}