{
    "rmse": 0.73679341656045,
    "mae": 0.6124389320757505,
    "r2": 0.06597673295365203
}